,standard,evening,morning,off
0,1.0,1.0,1.0,1.0
1,,,,0.7208721695464808
2,,,,0.3699806824752701
3,,,,0.017552862975595458
4,,,,0.04550646214303991
5,,,,0.174380078110507
6,,,,0.004574804072628276
7,,,,0.00784374524637134
8,,,,-0.07325133286652209
9,,,,0.059888231382749325
10,,,,-0.12690135794697063
11,,,,0.027097964036264018
12,,,,0.038756682971229556
13,,,,-0.02586317146818963
14,,,,-0.2132840869417533
