,standard,evening,morning,off
0,1.0,1.0,1.0,1.0
1,,,,0.5975521411482146
2,,,,0.3241562123825079
3,,,,0.04881063051822951
4,,,,0.055508704650210475
5,,,,0.14946537137107088
6,,,,0.033187665034867926
7,,,,0.08246360696273346
8,,,,-0.08621048321058458
9,,,,0.21012310746238816
10,,,,-0.12255700708877584
11,,,,-0.0830922628304237
12,,,,0.19322024797148424
13,,,,0.09066822918581896
14,,,,0.01619199209930381
