,standard,evening,morning,off
0,1.0,1.0,1.0,1.0
1,,,,0.7224802957405904
2,,,,0.3856569662542935
3,,,,0.017217682127427247
4,,,,0.034449129492274404
5,,,,0.17893493449013054
6,,,,-0.0054831500375961805
7,,,,0.018229415887579474
8,,,,-0.12157358996372436
9,,,,0.07447731781372595
10,,,,-0.08921628128329194
11,,,,-0.024993964973378163
12,,,,0.01108302043958961
13,,,,-0.038709185853075985
14,,,,-0.12100066094700038
